<beans xmlns="http://www.springframework.org/schema/beans"
       xmlns:mvc="http://www.springframework.org/schema/mvc"
       xmlns:context="http://www.springframework.org/schema/context"
       xmlns:xsi="http://www.w3.org/2001/XMLSchema-instance"
       xsi:schemaLocation="
        http://www.springframework.org/schema/beans
        http://www.springframework.org/schema/beans/spring-beans.xsd
        http://www.springframework.org/schema/mvc
        http://www.springframework.org/schema/mvc/spring-mvc.xsd
        http://www.springframework.org/schema/context
        http://www.springframework.org/schema/context/spring-context.xsd">
    
    <context:component-scan base-package="com.springexample.controllers"/>

    <mvc:annotation-driven/>

    <!--database-->
    <bean id="dataSource"
          class="org.springframework.jdbc.datasource.DriverManagerDataSource">

        <property name="driverClassName" value="com.mysql.jdbc.Driver" />
        <property name="url" value="jdbc:mysql://localhost:3306/test" />
        <property name="username" value="root" />
        <property name="password" value="derriqs" />
    </bean>

    <!---->
    <bean id="sessionFactory"
          class="org.springframework.orm.hibernate4.LocalSessionFactoryBean">
        <property name="dataSource" ref="dataSource" />
        <property name="annotatedClasses">
            <list>
                <value>com.springexample.models.Employee</value>
            </list>
        </property>
        <property name="hibernateProperties">
            <props>
                <prop key="hibernate.dialect">org.hibernate.dialect.MySQL5Dialect</prop>
                <prop key="hibernate.show_sql">true</prop>
            </props>
        </property>
    </bean>

    <bean id="txManager"
          class="org.springframework.orm.hibernate4.HibernateTransactionManager">
        <property name="sessionFactory" ref="sessionFactory" />
    </bean>

    <bean id="persistenceExceptionTranslationPostProcessor"
          class="org.springframework.dao.annotation.PersistenceExceptionTranslationPostProcessor" />

    <bean id="employeeDaoImpl" class="com.springexample.dao.impl.EmployeeDaoImpl" />
    <bean id="employeeServiceImpl" class="com.springexample.services.EmployeeServiceImpl" />
    
    <bean id="jspViewResolver" class="org.springframework.web.servlet.view.InternalResourceViewResolver">
        <property name="prefix" value="/views/"/>
        <property name="suffix" value=".jsp"/>
    </bean>
</beans>